{
  "description": "项目私有配置文件。此文件中的内容将覆盖 project.config.json 中的相同字段。项目的改动优先同步到此文件中。详见文档：https://developers.weixin.qq.com/miniprogram/dev/devtools/projectconfig.html",
  "projectname": "TranslatorOnline_V3",
  "setting": {
    "compileHotReLoad": true,
    "skylineRenderEnable": false
  },
  "condition": {
    "miniprogram": {
      "list": [
        {
          "name": "pages/personal/index",
          "pathName": "pages/personal/index",
          "query": "",
          "launchMode": "default",
          "scene": null,
          "partialCompile": {
            "enabled": true,
            "pages": []
          }
        },
        {
          "name": "pages/file/index",
          "pathName": "pages/file/index",
          "query": "",
          "launchMode": "default",
          "scene": null,
          "partialCompile": {
            "enabled": true,
            "pages": []
          }
        },
        {
          "name": "pages/index/index",
          "pathName": "pages/index/index",
          "query": "",
          "launchMode": "default",
          "scene": null,
          "partialCompile": {
            "enabled": true,
            "pages": []
          }
        },
        {
          "name": "pages/text/index",
          "pathName": "pages/text/index",
          "query": "",
          "launchMode": "default",
          "scene": null,
          "partialCompile": {
            "enabled": true,
            "pages": []
          }
        }
      ]
    }
  }
}